Brand Name,Product Name,Rating,Rating Count,Selling Price,MRP,Offer
SGF11,Women's Kanjivaram Pure Soft Silk Handloom Saree Pure Golden Zari With Blouse Piece,4.2 out of 5 stars,769,"₹1,499","₹5,999",(75% off)
SGF11,Women's Kanjivaram Woven Soft Silk Saree With Blouse Piece,4.0 out of 5 stars,"1,948","₹1,699","₹8,999",(81% off)
Generic,"Traditional Art cotton Saree with Elephant and Peacock Print zari Border, Green and Gold, with Matching Blouse Piece with tyedye daying",na,na,₹990,"₹1,600",(38% off)
Vintro,Women's bollywood japani satin digital print saree with unstitched blouse piece,na,na,"₹1,379","₹4,599",(70% off)
C J Enterprise,Women's Kanjivaram Art Silk Saree Soft Banarasi Style Sari With Blouse Piece For Wedding (Pari122-51),4.1 out of 5 stars,"1,418",₹499,₹999,(50% off)
SGF11,Women's Kanjivaram Soft Silk Saree With Blouse Piece,3.8 out of 5 stars,"1,507",₹699,"₹8,999",(92% off)
Yashika,"Women's Woven Elegant Printed Art Silk Saree with Matching Blouse Material-Perfect for Festive Special Occasions, Exquisite Design and Vibrant Colors",4.1 out of 5 stars,117,₹259,"₹1,799",(86% off)
HMP Fashion,Womens Pure Soft Two Tone Zimmy Choo Silk Sarees with Amazing Lace work Border and Paired with Plain Banglori Blouse piece,4.1 out of 5 stars,21,₹999,"₹2,499",(60% off)
C J Enterprise,Women's Pure Soft Kanjivaram Silk Saree For Wedding Banarasi Style Sari With Blouse Piece (Vruksh-50),3.7 out of 5 stars,777,₹499,₹999,(50% off)
AYYAPPASILK,"Women's Mysore Silk Saree Handwoven, Lightweight, Elegant And Traditional Design Perfect for Weddings & Festivals With Matching Blouse Piece",na,na,₹999,"₹1,699",(41% off)
Avantika Fashion,Women's Kanjivaram Soft Pure Silk Banarasi Sarees With Blouse Piece,4.2 out of 5 stars,38,₹616,"₹3,699",(83% off)
Yashika,Women's Banarasi Kanjivaram Cotton Silk Jaquard Saree Printed Saree With Unstitched Blouse Material - Suitable For All Indian Occasions and Festivals,4.1 out of 5 stars,133,₹429,"₹1,799",(76% off)
Flosive,Women's Present Banarasi Soft Lichi Silk Saree Beautiful Jacquard Rich Pallu Design Work Zari Woven Kanjivaram Silk Style Saree With Soft Lichi Silk Blouse Piece,3.6 out of 5 stars,"1,383",₹527.84,"₹4,500",(88% off)
Yashika,Women's Art Silk Saree (AIR Mustard Pack of 2,3.6 out of 5 stars,"2,045",₹259,"₹1,799",(86% off)
Sidhidata,Women's Assam Silk Saree With Unstitched Blouse Piecee (Assam Silk),3.7 out of 5 stars,361,₹479,"₹2,999",(84% off)
EthnicJunction,Women's Silk Cotton Kalamkari Print Saree With Blouse Piece,3.9 out of 5 stars,807,₹328,"₹1,659",(80% off)
SGF11,Women's Kanjivaram Woven Soft Silk Saree With Blouse Piece,4.0 out of 5 stars,"1,948","₹1,599","₹5,999",(73% off)
Yashika,Women's Fancy Banarasi Kanjivaram Art Silk Saree with Blouse Pieces||Yellow Coloured Kanjivaram Saree|| AZ-YS-OG-YUKTI YELLOW,3.9 out of 5 stars,403,₹599,"₹1,799",(67% off)
Yashika,Women's Hot Fix Solid Color Satin Moss Saree with Unstitched Blouse Material,4.5 out of 5 stars,131,₹839,"₹1,799",(53% off)
Yashika,Women's Trendy Banarasi Kanjivaram Navy Color Art Silk Saree with Blouse Material,4.0 out of 5 stars,935,₹429,"₹1,799",(76% off)
SGF11,Women's Kanjivaram Pure Soft Silk Saree For Women Pure Golden Zari With Blouse Piece,3.9 out of 5 stars,65,"₹1,299","₹8,999",(86% off)
Garden Vareli,Floral Print Georgette Saree,na,na,₹999,"₹1,699",(41% off)
SERONA FABRICS,Women's Assam Cotton Silk With Golden Border Thread Embroidered Work Saree With Blouse Piece,4.2 out of 5 stars,91,"₹1,299","₹4,999",(74% off)
Glory Sarees,Women's Kashmiri Pashmina Silk Woven Saree With Blouse Piece (Heritage_Silk111_Parent),3.5 out of 5 stars,18,"₹2,589","₹7,999",(68% off)
SWORNOF,Womens Kanjivaram Banarasi Silk Saree Patola saree with Unstitched blouse piece,4.0 out of 5 stars,308,₹999,"₹4,999",(80% off)
Yashika,Women's Woven Cotton Silk Saree,4.1 out of 5 stars,28,₹429,"₹1,799",(76% off)
C J Enterprise,Women's Soft Pure Kanjivaram Silk Saree For Wedding Banarasi Cotton Sari With Blouse Piece (Yatri-51),4.1 out of 5 stars,416,₹499,₹999,(50% off)
SIRIL,Women's Banarasi Silk Kanjivaram Jacquard Saree With Unstitched Blouse Piece,3.6 out of 5 stars,47,₹609,"₹2,419",(75% off)
SIRIL,Women's Bandhani Printed Chiffon Saree with Blouse,3.8 out of 5 stars,719,₹489,"₹3,090",(84% off)
SIRIL,Women's Banarasi Silk Saree Soft Kanjivaram Sari With Blouse Piece,3.4 out of 5 stars,92,₹669,"₹2,535",(74% off)
EthnicJunction,Women's Paithani Silk Blend Woven Saree With Blouse Piece,4.0 out of 5 stars,424,₹469,"₹1,996",(77% off)
Yashika,Women's Magludi Silk Saree Printed Saree With Unstitched Blouse Material - Suitable For All Indian Occasions and Festivals,4.1 out of 5 stars,137,₹476.10,"₹1,799",(74% off)
Sidhidata,Women's Georgette Digital Printed Ready To Wear one Minute Saree With Unstitched Blouse Piece,3.7 out of 5 stars,"1,563",₹929,"₹2,999",(69% off)
SGF11,Women's Kanjivaram Soft Lichi Silk Saree With Blouse Piece,3.8 out of 5 stars,"1,150",₹949,"₹5,999",(84% off)
SAMAH,Women's Jacquard Silk Blend Saree,4.1 out of 5 stars,120,₹489,"₹1,819",(73% off)
AKHILAM,Women's Organza Ethnic Motif Woven Design Saree With Unstitched Blouse Piece(UNATI3001_AC_Parent),4.0 out of 5 stars,50,"₹1,049","₹4,179",(75% off)
SIRIL,Women's Banarasi Soft Silk Kanjivaram Jacquard Saree With Unstitched Blouse Piece,3.5 out of 5 stars,26,₹779,"₹2,919",(73% off)
SGF11,Women's Kanjivaram Soft Cotton Linen Silk Saree With Blouse Piece,4.2 out of 5 stars,338,₹799,"₹5,999",(87% off)
MIRCHI FASHION,Women's Designer Chiffon Floral Prints Saree with Blouse Piece,4.0 out of 5 stars,540,₹459,₹402.63,(84% off)
Yashika,Women's Fancy Banarasi Kanjivaram Art Silk Saree with Blouse Pieces|| AZ-YS-OG-ASHOKA-P,3.7 out of 5 stars,304,₹429,"₹1,799",(76% off)
SIRIL,Women's Lace & Printed Chiffon Saree with Blouse,3.8 out of 5 stars,"1,381",₹489,"₹3,519",(86% off)
Sugathari,Women's Banarasi Saree Pure Kanjivaram Silk Saree Soft new ladies 2023 Design Wear Pattu Sarees Latest Party Sari collections With Blouse Piece for Wedding sadi (SAN PARI-182 DARK GREEN),3.9 out of 5 stars,146,₹499,"₹2,299",(78% off)
MIRCHI FASHION,Women's Latest Chiffon Batik Printed Saree with Blouse Piece,3.9 out of 5 stars,"1,525",₹439,₹313.57,(84% off)
Yashika,Womens Jacquard Standard Length Saree,3.4 out of 5 stars,547,₹259,"₹1,799",(86% off)
Yashika,Women Cotton Saree,3.8 out of 5 stars,"1,176",₹389,"₹1,799",(78% off)
SATAZ,Women's Ready to Wear Rose Gold Satin Silk 1 Minute Pre Pleated Saree with Unstitched Rose Gold Blouse,4.4 out of 5 stars,378,₹947,"₹4,997",(81% off)
SIRIL,Women's Kanjivaram Soft Silk Saree With Unstitched Blouse Piece For Wedding,3.8 out of 5 stars,3,₹669,"₹3,073",(78% off)
Yashika,Women's Elegant Chiffon Saree with Blouse Material - Embrace Trendy Style and Timeless Elegance in this Exquisite Attire,3.5 out of 5 stars,419,₹379,"₹1,799",(79% off)
Sidhidata,Women's Plain Pure Georgette Saree With Unstitched Blouse Piece (Rocky Aur Rani Ki Prem Kahani Alia Bhatt Saree),3.6 out of 5 stars,444,₹449,"₹2,999",(85% off)
Yashika,Georgette Womens Saree,3.9 out of 5 stars,240,₹379,"₹1,799",(79% off)
ORHANS,Women's Organza Lightweight Lace Work Saree With Art Silk Sequence Work Golden Unstitched Blouse Piece,4.2 out of 5 stars,217,"₹1,399","₹3,999",(65% off)
Avantika Fashion,Women's Kanjivaram Soft Silk Banarasi Sarees With Blouse Piece,4.6 out of 5 stars,25,₹899,"₹2,499",(64% off)
Yashika,Women's Crepe Saree,3.6 out of 5 stars,"2,385",₹299,"₹1,167",(74% off)
Sidhidata,Textile Women's Banarasi Soft Silk Saree With Unstitched Blouse Piece (Free Size),3.4 out of 5 stars,525,₹449,"₹2,999",(85% off)
Yashika,Women's Zari Woven Cotton Silk Jacquard Saree With Unstitched Blouse Material,4.8 out of 5 stars,368,₹529,"₹1,799",(71% off)
Generic,Siroski Fancy Designer Saree,na,na,₹870,"₹1,740",(50% off)
SGF11,Women's Kanjivaram Soft Lichi Silk Saree With Blouse Piece,3.8 out of 5 stars,448,₹799,"₹5,999",(87% off)
SERONA FABRICS,Women's Assam Cotton Silk With Golden Border Thread Embroidery Saree With Blouse Piece,4.1 out of 5 stars,"1,113","₹1,249","₹4,999",(75% off)
Garden Vareli,Elegant Lace Border Lintus Saree with Unstitched Blouse Piece,na,na,"₹1,199","₹2,399",(50% off)
Garden Vareli,Satin Crepe Saree With Unstitched Blouse Piece,4.2 out of 5 stars,3,"₹1,199","₹2,399",(50% off)
SGF11,Women's Kanjivaram Pure Soft Silk Handloom Saree Pure Golden Zari With Blouse Piece,4.2 out of 5 stars,769,"₹1,499","₹8,999",(83% off)
SGF11,Women's Kanjivaram Woven Soft Silk Saree With Blouse Piece,4.0 out of 5 stars,"1,948","₹1,699","₹8,999",(81% off)
Rekha Maniyar,Women's Jacquard Saree Stunning Digital Print with Unstitched Blouse (RUHANI_PARENT),4.5 out of 5 stars,2,"₹1,349","₹4,495",(70% off)
OM SAI LATEST CREATION,Soft Cotton & Silk Saree for Women Banarasi Saree Under 399 2021 Beautiful for Women Saree,4.1 out of 5 stars,319,₹349,"₹1,999",(83% off)
SERONA FABRICS,Women's Assam Cotton Silk With Golden Border Thread Embroidered Work Saree With Blouse Piece,4.2 out of 5 stars,91,"₹1,299","₹4,999",(74% off)
SGF11,Women's Kanjivaram Soft Lichi Silk Saree With Blouse Piece,3.8 out of 5 stars,448,₹799,"₹5,999",(87% off)
SGF11,Women's Kanjivaram Pure Soft Silk Handloom Saree Pure Golden Zari With Blouse Piece,4.2 out of 5 stars,769,"₹1,499","₹8,999",(83% off)
Garden Vareli,Floral Print Organza Saree,3.0 out of 5 stars,1,"₹1,699","₹3,599",(53% off)
HMP Fashion,"Women's Georgette Saree with Embroidery Work, Drape Sari with Unstitched Blouse Piece, 1 Minute Saree, Heart Ready Pleated Saree",4.2 out of 5 stars,5,₹899,"₹2,499",(64% off)
Generic,"Women's Poly Cotton Printed Saree with Zari Border, Blouse",5.0 out of 5 stars,3,₹254,₹999,(75% off)
Yashika,Women's Woven Latest Georgette Saree with Lace and Blouse Material,4.9 out of 5 stars,180,₹389,"₹1,799",(78% off)
Pandadi Saree,Elegant Moss Chiffon Ready-to-Wear Saree with Bangalori Satin Blouse,4.6 out of 5 stars,11,₹849,"₹5,999",(86% off)
AKHILAM,Women's Shimmer Organza Sequence Embroidery Saree With Unstitched Blouse Piece,5.0 out of 5 stars,2,"₹1,499","₹6,399",(77% off)
Yashika,Women's Organza Saree with Floral Woven Border and Unstitched Blouse Material,4.7 out of 5 stars,173,₹599,"₹1,799",(67% off)
MUNIR,Women's Silver Tissue Silk Ethnic Saree With Unstiched Blouse Piece For Festival And Function.,3.2 out of 5 stars,26,"₹1,579","₹3,999",(61% off)
SIRIL,Satin Silk Hot Fixing Stone Work Saree for Women With Unstitched Blouse Piece,4.1 out of 5 stars,330,₹779,"₹3,458",(77% off)
SIRIL,Women's Banarasi Silk Blend Kanjivaram Jacquard Saree With Unstitched Blouse Piece,3.8 out of 5 stars,23,₹779,"₹3,073",(75% off)
SGF11,Women's Kanjivaram Pure Soft Silk Saree For Women Pure Golden Zari With Blouse Piece,3.9 out of 5 stars,65,"₹1,299","₹8,999",(86% off)
Flosive,Women's Thread Sequence Work Georgette Saree With Blouse,3.6 out of 5 stars,65,₹969,"₹4,500",(78% off)
AKHILAM,Women's Satin Solid Printed Saree With Unstitched Blouse,4.2 out of 5 stars,8,"₹1,349","₹5,549",(76% off)
SIRIL,Women's Jacquard Cotton Silk Saree with Unstitched Blouse,3.5 out of 5 stars,308,₹609,"₹3,424",(82% off)
Avantika Fashion,Women's Kanjivaram Soft Silk Banarasi Sarees With Blouse Piece,4.0 out of 5 stars,60,₹899,"₹2,499",(64% off)
Womanista,Women's Plain Organza Solid Embellished Lace Saree with Un-Stitched Blouse,4.4 out of 5 stars,44,₹999,"₹3,149",(68% off)
Yashika,"Womens Saree with Matching Unstitched Blouse and Soft Art Silk Fabric for Ultimate Comfort - Suitable for Parties, Festivals, Weddings",3.3 out of 5 stars,37,₹264,"₹1,799",(85% off)
Generic,Graceful and Stylish Saree Grace for Every Special Occasion (Purple),na,na,"₹5,499","₹6,999",(21% off)
PRITIsree,Sambalpuri Handloom Saree Women's Cotton Saree Odisha Handloom Handmade Pure Cotton Khandua Natural Cotton Ikat Sambalpuri Saree For Women ikat Handloom Saree For Women 5SE9BC-188,na,na,"₹3,998","₹1,080.54",na
Garden Vareli,Abstract Print Viscose Saree With Unstitched Blouse Piece,na,na,₹999,"₹1,999",(50% off)
Shiv Textiles,Womens Saree For Women,na,na,₹299,₹499,(40% off)
AKHILAM,Women's Woven Design Zari Work Banarasi Silk Saree With Unstitched Blouse Piece,3.9 out of 5 stars,464,₹869,"₹4,049",(79% off)
Yashika,Women's Trendy Georgette Orange Color Saree with Blouse Material,3.6 out of 5 stars,181,₹259,"₹1,799",(86% off)
Yashika,Women Georgette Standard Length Saree,3.3 out of 5 stars,"1,068",₹259,"₹1,799",(86% off)
C J Enterprise,Women's Banarasi Saree Pure Kanjivaram Style Silk Saree With Blouse Piece for Wedding (KeriButti-51),4.1 out of 5 stars,35,₹499,₹999,(50% off)
MIRCHI FASHION,Women's Chiffon Floral Printed Saree with Blouse Piece,3.8 out of 5 stars,56,₹479,₹350.15,(83% off)
Sidhidata,Women's Kanjivaram Banarasi Soft Silk Saree With Unstitched Blouse Piece (Silk Box Flower),3.5 out of 5 stars,65,₹649,"₹2,999",(78% off)
Avantika Fashion,Women's Kanjivaram Soft Pure Silk Banarasi Sarees With Blouse Piece,3.8 out of 5 stars,243,₹474,"₹2,499",(81% off)
SAMAH,Women's Silk Blend Banarasi Jacquard Saree with Unstitched Blouse Piece,5.0 out of 5 stars,1,₹599,"₹2,139",(72% off)
C J Enterprise,Women's Banarasi Pure Soft Kanjivaram Silk Saree With Blouse Piece For Wedding (Champa-51),4.0 out of 5 stars,71,₹699,₹999,(30% off)
SIRIL,Women's Banarasi Jacquard Soft Kanjeevaram Saree With Unstitched Blouse Piece,3.8 out of 5 stars,250,₹499,"₹2,265",(78% off)
AKHILAM,Women's Pure Chiffon Embellished Saree With Unstitched Blouse (SNDLWOD1301_TFH_Parent),4.0 out of 5 stars,24,"₹2,449","₹10,879",(77% off)
AKHILAM,Women's Silk Blend Woven Design Saree With Blouse Piece,4.0 out of 5 stars,99,"₹1,279","₹5,049",(75% off)
EthnicJunction,Women's Silk Blend Printed Saree With Blouse Piece,3.8 out of 5 stars,854,₹389,"₹1,659",(77% off)
HMP Fashion,Womens Georgette Saree with Muilty Embroidery Work Lace with Emboridery Work Blouse With Rainbow Lace,3.4 out of 5 stars,18,₹949,"₹2,499",(62% off)
SIRIL,Women's Pure Kanjivaram Silk Saree Soft Sarees With Blouse Piece For Wedding,3.7 out of 5 stars,12,₹499,"₹2,150",(77% off)
C J Enterprise,Womens Pure Banarasi Soft Silk Saree Kanjivaram Style Sarees With Blouse Piece For Wedding (KeriGola-51),4.1 out of 5 stars,410,₹499,₹999,(50% off)
MANOHARI,Banarasi Silk Traditional saree with Unstitch Heavy Blouse Piece,3.8 out of 5 stars,568,"₹1,799","₹6,499",(72% off)
SWORNOF,Womens Kanjivaram Silk Saree with Zari Woven Saree With Blouse Piece,4.0 out of 5 stars,978,₹999,"₹4,999",(80% off)
SGF11,Women's Paithani Soft Lichi Silk Kanjivaram Sarees With Blouse Piece,4.1 out of 5 stars,280,"₹1,599","₹8,999",(82% off)
DESAI FASHION,"Desai Women's Elegant Designer Sarees - Premium Georgette Fabric with Embellished Border, Lightweight and Stylish Ethnic Wear - Perfect for Parties, Weddings, and Festive Occasions",2.5 out of 5 stars,7,₹899,"₹2,299",(61% off)
EthnicJunction,Women's Kanchipuram Silk Half and Half Woven Saree With Blouse Piece,3.8 out of 5 stars,"2,185",₹398,"₹1,829",(78% off)
SGF11,Women's Trendy Kanjivaram Soft Lichi Silk Saree With Blouse Piece,3.9 out of 5 stars,418,₹699,"₹5,999",(88% off)
Yashika,Women's Trendy Printed Georgette Red Color Saree with Blouse Material,3.7 out of 5 stars,351,₹259,"₹1,495",(83% off)
VJ Fashion,Women Kerala Silk Blend Saree With Blouse Piece_freesize,3.5 out of 5 stars,63,₹369,"₹1,199",(69% off)
SGF11,Women's Kanjivaram Pure Handloom Soft Silk Saree With Blouse Piece,4.5 out of 5 stars,9,"₹1,599","₹8,999",(82% off)
Generic,Lorofy Women's Net Saree With Blouse (Grey),4.0 out of 5 stars,1,₹359,"₹1,999",(82% off)
Monjolika Fashion,Women's Banarasi Silk Blend Woven Zari With Tussles Saree and Jacquard Woven Blouse Piece (37765 color),4.0 out of 5 stars,"2,235","₹1,499","₹6,999",(79% off)
Avantika Fashion,"Women's Kanjivaram Soft Silk Banarasi Sarees With Blouse Piece, Red",4.0 out of 5 stars,84,₹616,"₹2,499",(75% off)
SIRIL,Women's Kanjivaram Silk Jacquard Saree With Blouse Piece,4.7 out of 5 stars,3,₹669,"₹3,073",(78% off)
Flosive,Women's Mix Color & Golden Kanjivaram Wedding Saree With Blouse (DARK GREEN),3.4 out of 5 stars,63,₹579,"₹4,500",(87% off)
Generic,Women's silk plain saree with banglory mono blouse,5.0 out of 5 stars,1,₹310,₹999,(69% off)
Mehrang,Cotton Banarasi Silk Saree for Women With Unstitched Blouse Piece,4.2 out of 5 stars,183,"₹1,311","₹3,999",(67% off)
SANDIAM SALES,"Dori Saree Shapewear,Petticoat,Skirts for Women, Cotton Blended Shape Wear for Saree (SH_Dori_All)",3.6 out of 5 stars,19,₹299,₹999,(70% off)
Vimla,Women's Multicolor Malgudi Art Silk Uniform Saree with Blouse Piece (24-Single),3.9 out of 5 stars,69,₹599,₹999,(40% off)
Shiv Textiles,Womens Polyester Saree For Women,1.0 out of 5 stars,1,₹299,₹499,(40% off)
Garden Vareli,Floral Print Nara Chiffon Saree 73475,5.0 out of 5 stars,2,₹849,"₹1,699",(50% off)
SGF11,Women's Kanjivaram Pure Soft Silk Handloom Saree Pure Golden Zari With Blouse Piece,4.2 out of 5 stars,769,"₹1,499","₹8,999",(83% off)
SERONA FABRICS,Women's Assam Cotton Silk With Golden Border Thread Embroidered Work Saree With Blouse Piece,4.2 out of 5 stars,91,"₹1,299","₹4,999",(74% off)
SERONA FABRICS,Women's Assam Cotton Silk With Golden Border Thread Embroidery Saree With Blouse Piece,4.1 out of 5 stars,"1,113","₹1,249","₹4,999",(75% off)
Sugathari,Women's Banarasi Saree Pure Kanjivaram Silk Saree Soft new ladies 2023 Design Wear Pattu Sarees Latest Cotton Party Sari collections With Blouse Piece for Wedding sadi (SAM PARI-104),3.8 out of 5 stars,13,₹659.71,"₹3,499",(81% off)
GHAN SALS,Women's Printed Dola Silk Saree With Unstiched Blouse,3.8 out of 5 stars,156,₹568,"₹3,245",(82% off)
Shiv Textiles,Women's Jacquard Silk Blend Saree,3.6 out of 5 stars,6,₹796,"₹1,999",(60% off)
Shiv Textiles,Women's Banarasi Silk Saree,3.8 out of 5 stars,"3,453",₹699,"₹2,399",(71% off)
Generic,Women’s Perfect Curvy Look Saree Shapewear (Fish Cut Combo Cream Maroon N.Blue XL),4.2 out of 5 stars,4,₹499,₹999,(50% off)
SGF11,Women's Kanjivaram Pure Soft Silk Handloom Saree Pure Golden Zari With Blouse Piece,4.2 out of 5 stars,769,"₹1,499","₹5,999",(75% off)
A To Z Cart,Women's Chanderi Embroidered Saree Chanderi Lotus-New,3.3 out of 5 stars,15,₹699,"₹1,999",(65% off)
SERONA FABRICS,Women's Assam Cotton Silk With Golden Border Thread Embroidered Work Saree With Blouse Piece,4.2 out of 5 stars,91,"₹1,299","₹4,999",(74% off)
AKHILAM,Women's Georgette Geometric Printed Saree With Unstitched Blouse,3.8 out of 5 stars,557,"₹1,849","₹7,399",(75% off)
Paramparik Textile,Women's Kanjivaram Soft Silk Saree With Blouse Piece,3.8 out of 5 stars,52,₹599,"₹2,499",(76% off)
SIRIL,Women's Shimmer Chiffon Sequence Embroidery Saree With Unstitched Blouse Piece,3.5 out of 5 stars,11,"₹1,499","₹5,999",(75% off)
MANOHARI,adorable woven pattern Banarasi Silk saree for women with Blouse Piece,4.0 out of 5 stars,"1,210","₹1,999","₹9,999",(80% off)
Yashika,Womens Latest Woven Printed Kanjivaram Banarasi Art Silk Saree Saree with Unstitched Blouse Material - Suitable for All Indian Weddings and Festivals,4.4 out of 5 stars,99,₹619,"₹1,799",(66% off)
Satrani,Women's Shimmer Chiffon Sequins Embroidery Saree with Unstitched Blouse Piece,5.0 out of 5 stars,2,"₹1,599","₹5,709",(72% off)
SGF11,Women's Kanjivaram Pure Soft Silk Saree With Unstitched Blouse Piece,3.9 out of 5 stars,14,"₹1,899","₹5,999",(68% off)
Soch,Womens Fuchsia Silk Blend Embroidered Saree With Sequins,na,na,"₹4,058","₹5,998",(32% off)
Generic,Handloom Pure Cotton Saree With Multicolour Design Including Blouse Pice By Kamana Textile,3.9 out of 5 stars,11,₹599,₹299.50,(54% off)
Shiv Textiles,Womens Saree For Women,na,na,₹299,₹499,(40% off)
Garden Vareli,Floral Print Organza Saree,3.0 out of 5 stars,1,"₹1,699","₹3,599",(53% off)
Vimla,Women's Multicolor Malgudi Art Silk Uniform Saree with Blouse Piece (24-Single),3.9 out of 5 stars,69,₹599,₹999,(40% off)
Shiv Textiles,Womens Saree For Women,na,na,₹299,₹499,(40% off)
MIRCHI FASHION,Women's Stylish Chiffon Colorblock Foil Printed Saree with Blouse Piece,3.7 out of 5 stars,114,₹579,₹346.71,(84% off)
Vinayak Textile,Women's Light Blue Georgette Saree With Blouse (Ananya 12),4.4 out of 5 stars,3,₹999,"₹2,499",(60% off)
Generic,Women Ethnic Women's Red Color Satin Striped Saree Without Blouse Piece MD_WB_SAT6010_2,5.0 out of 5 stars,1,₹349,"₹1,999",(83% off)
Yashika,Women's Trendy Printed Georgette Purple Color Saree with Blouse Material,3.3 out of 5 stars,541,₹259,"₹1,799",(86% off)
SIRIL,Women's Floral Printed Georgette Saree with Unstitched Blouse Piece,3.4 out of 5 stars,994,₹289,"₹1,614",(82% off)
EthnicJunction,Women's Silk Blend Woven Paithani saree With Blouse Piece,4.3 out of 5 stars,39,₹469,"₹2,276",(79% off)
Avantika Fashion,Women's Kanjivaram Soft Semi Silk Banarasi Sarees With Blouse Piece.,3.9 out of 5 stars,114,₹616,"₹2,499",(75% off)
MIRCHI FASHION,Women's Chiffon Floral Printed Saree with Blouse Piece,4.3 out of 5 stars,25,₹469,₹280,(83% off)
Yashika,Womens Woven Printed Art Silk Saree with Unstitched Blouse Material,3.2 out of 5 stars,52,₹264,"₹1,799",(85% off)
EthnicJunction,Women's Silk Blend Woven Banarasi Saree With Blouse Piece,3.5 out of 5 stars,27,₹799,"₹3,596",(78% off)
Generic,Women Ethnic Sarees Women's Satin Striped Printed Saree With Blouse Piece PL_WB_SAT6010_6,na,na,₹599,"₹1,999",(70% off)
SGF11,Women's Kanjivaram Designer Party Wear Soft Silk Sarees With Blouse Piece,3.9 out of 5 stars,10,"₹1,599","₹8,999",(82% off)
Pandadi Saree,Women's Black Pashmina Kashmiri Silk Saree With Unstitched Blouse Piece,4.2 out of 5 stars,5,"₹2,049","₹5,999",(66% off)
SIRIL,Women's Kanjivaram Silk Saree Soft Banarasi Sari With Blouse Piece,3.5 out of 5 stars,16,₹749,"₹3,073",(76% off)
Generic,Women's Cream Off White Chanderi Cotton Embroidered Saree With Maroon Kalamkari Printed Blouse Piece Material (Monika 1),na,na,₹799,"₹1,499",(47% off)
ORHANS,Women's Organza Latkan Lace Work Saree With Art Silk Matching Unstitched Blouse Piece,4.2 out of 5 stars,41,"₹1,999","₹2,999",(33% off)
Yashika,Women Saree,3.4 out of 5 stars,"5,306",₹264,"₹1,799",(85% off)
Yashika,Womens Jacquard Standard Length Saree,3.5 out of 5 stars,820,₹264,"₹1,799",(85% off)
Yashika,Womens Woven Printed Art Silk Saree With Unstitched Blouse Material,3.6 out of 5 stars,16,₹291,"₹1,799",(84% off)
Sidhidata,Women's Polka Dot Printed Linen Cotton Saree With Unstitched Blouse Piece (Laddu_Free Size),3.1 out of 5 stars,35,₹649,"₹2,999",(78% off)
MADHUHANSH,Womens Kasamiri Cotton Patola Letest Designer Saree with Unstitched Blouse With Boluse Piece,4.2 out of 5 stars,26,"₹1,899","₹6,999",(73% off)
SWORNOF,Women's Lucknowi Chikankari Linen cotton Woven Sarees For Women with Blouse sarees for Women,4.2 out of 5 stars,"3,285",₹949,"₹3,999",(76% off)
SHIVANAA,Women's Jacquard Saree With Blouse Piece||Saree For Women||Trendy Women Saree,4.5 out of 5 stars,18,₹499,"₹1,999",(75% off)
SIRIL,Women's Cotton Printed Zari Stripe Ready To Wear One Minute Pleated Saree With Unstitched Blouse Piece,3.7 out of 5 stars,53,₹819,"₹3,150",(74% off)
SIRIL,Women's Pure Kanjivaram Silk Saree Soft Sarees With Blouse Piece For Wedding,4.1 out of 5 stars,51,₹499,"₹2,150",(77% off)
SIRIL,Women's Hot Fixing Georgette Saree with Unstitched Blouse Piece,3.9 out of 5 stars,431,₹919,"₹3,842",(76% off)
Generic,Printed Georgette Saree with Unstitched Blouse Piece for Women,4.0 out of 5 stars,1,₹275.08,"₹2,999",(91% off)
TRENDMALLS,Women's Rangoli Silk Heavy Embroidred sarees for women (Morpeach),4.1 out of 5 stars,99,"₹1,597","₹3,899",(59% off)
SIRIL,Women's Georgette Floral Printed Saree With Unstitched Blouse Piece,3.6 out of 5 stars,407,₹289,"₹1,419",(80% off)
Yashika,Plain Women's Art Silk Saree with Blouse Piece (New-RAJARANI Navy),4.3 out of 5 stars,8,₹299,"₹1,799",(83% off)
SIRIL,Women's Silk Saree with Unstitched Blouse Piece,3.5 out of 5 stars,881,₹299,"₹2,119",(86% off)
VAIRAGEE,Women Soft Rimzim Silk Ready to Wear Striped PatternStylish Embroidery Saree (2055),3.7 out of 5 stars,40,"₹1,249","₹4,129",(70% off)
Shiv Textiles,Womens Saree For Women,na,na,₹299,₹499,(40% off)
Shiv Textiles,Womens Saree For Women,na,na,₹299,₹499,(40% off)
Shiv Textiles,Womens Saree For Women,na,na,₹299,₹499,(40% off)
PRITIsree,"Sambalpuri Handloom Saree Women's Cotton Saree Odisha Handloom Handmade Pure Cotton Khandua Natural Cotton Sambalpuri Saree For Women Ikat Handloom Saree With Blouse Pc 5Se9Bc-1060, Blue",2.7 out of 5 stars,2,"₹5,499","₹1,486.22",(21% off)
Generic,SAREE,na,na,₹450,₹700,(36% off)
SGF11,Women's Kanjivaram Pure Soft Silk Handloom Saree Pure Golden Zari With Blouse Piece,4.2 out of 5 stars,769,"₹1,499","₹8,999",(83% off)
PRITIsree,Odisha Sambalpuri Handloom Women's Cotton Saree Odisha Handloom Handmade Pure Cotton Khandua Natural Cotton Ikat Sambalpuri Saree For Women Handloom Saree For Women 5SE9BC-113,na,na,"₹1,399",₹378.11,(65% off)
Glory Sarees,Women's Patola Silk Saree With Blouse Piece,na,na,"₹1,029","₹3,999",(74% off)
Generic,Women's Glory Banarasi Satin Silk Saree With Embroidered Design and Zari Work. (Magenta),4.0 out of 5 stars,16,₹899.10,"₹1,599",(44% off)
Generic,SRL Women's Georgette Geometric Printed Saree With Unstitched Blouse Piece,na,na,₹479,"₹1,458",(67% off)
SAREE MALL,Women's Georgette Solid Saree With Unstitched Blouse(KESARI10201_KR_Parent),3.5 out of 5 stars,3,"₹1,549","₹5,049",(69% off)
Kesaria Textile Company,Green Printed Georgette Saree For Women - No Blouse,5.0 out of 5 stars,6,₹329,₹999,(67% off)
Generic,Women Ethnic Saree women's Striped Print Georgette Saree with Unstitched Blouse Piece PL_MD_PD8888_2,na,na,₹599,"₹1,999",(70% off)
EthnicJunction,Women's Pure Cotton Woven Saree With Blouse Piece,4.0 out of 5 stars,31,₹739,"₹3,596",(79% off)
AKHILAM,Women's And Girls Embroidery Lace & Sequence Embroidery Chiffon Saree With Unstitched Blouse Piece,3.9 out of 5 stars,280,"₹1,749","₹7,249",(76% off)
SWORNOF,Women's kanjivaram banarasi silk saree for Patola festival Wedding silk with rich pallu Design sarees for women with blouse piece,4.2 out of 5 stars,320,"₹1,199","₹4,999",(76% off)
Generic,"Chanderi Silk Embroidered Saree with Tassels, Satin Silk Printed Blouse Piece, Cream",na,na,₹999,na,na
SWORNOF,Womens Kanjivaram Banarasi Silk Saree Kanchipuram Patola saree,4.1 out of 5 stars,"1,732","₹1,399","₹5,999",(77% off)
Sidhidata,Women's Printed Pure Georgette Saree With Unstitched Blouse Piece (Rocky Aur Rani Ki Prem Kahani Saree),3.5 out of 5 stars,401,₹899,"₹2,999",(70% off)
SIRIL,Women's Jacquard Cotton Silk Saree with Unstitched Blouse Piece,3.9 out of 5 stars,305,₹579,"₹2,688",(78% off)
Generic,Tissue Khadi Saree|| FreeSize||5.5M,5.0 out of 5 stars,1,₹599,₹999,(40% off)
Yashika,Georgette Womens Saree,3.6 out of 5 stars,354,₹259,"₹1,799",(86% off)
MIRCHI FASHION,Women's Designer Chiffon Bandhani Printed Saree with Blouse Piece,4.0 out of 5 stars,55,₹459,"₹2,699",(83% off)
Generic,"Georgette Saree with Latkan Work, Satin Blouse, Yellow and Pink",1.0 out of 5 stars,1,₹899,"₹1,599",(44% off)
Garden Vareli,Summer Roganza Viscose Brasso Floral Print Christmas Special Saree,3.1 out of 5 stars,7,"₹1,299","₹2,599",(50% off)
Garden Vareli,Patola Crepe Saree with Unstitched Blouse Piece,na,na,₹799,"₹1,599",(50% off)
Generic,Mallika Bihari Soft FDY Material Saree with Blouse for women,5.0 out of 5 stars,1,"₹2,479","₹3,999",(38% off)
Rajnandini,Women's Kota Doria Cotton Silk Checks Print Traditional Saree with Blouse Piece (Pink and Purple),4.1 out of 5 stars,2,₹399,"₹1,996",(80% off)
SHOPAZ,Women's Ready to Wear Mustard Yellow Georgette 1 Minute Pre Pleated Mirror Saree With Unstiched Blouse,na,na,₹947,"₹4,997",(81% off)
Munir,Fashion Women's Beautiful Soft Silk fabric with Solid Saree & Un Stich Blouse,5.0 out of 5 stars,4,"₹1,749","₹4,499",(61% off)
AKHILAM,Women's Botanical Embroidered Designer Organza Saree With Unstitched Blouse Piece (7KAVI701),4.2 out of 5 stars,60,"₹1,149","₹4,499",(74% off)
Yashika,Women's Art Silk Saree,3.5 out of 5 stars,"1,262",₹264,"₹1,799",(85% off)
Generic,Bazar collection for women's Satin Embellished Designer Saree With Unstitched Blouse Piece MD_RS_WB_SAT6010_3_Bz,na,na,₹399,"₹1,299",(69% off)
SIRIL,Women's Georgette Floral Print Geoegette Saree With Unstitched Blouse Piece,3.4 out of 5 stars,506,₹289,"₹1,419",(80% off)
Generic,SRL Women's Art Silk Varli Printed Saree With Blouse (811S108_BZ_Red::Cream),3.5 out of 5 stars,2,₹459,"₹1,419",(68% off)
Generic,Women Ethnic Women's Printed Georgette Saree with Unstitched Blouse Piece MD_1750_3,na,na,₹501,"₹1,999",(75% off)
Sidhidata,Women's Georgette Saree With Unstiched Blouse Piece,3.6 out of 5 stars,"1,679",₹429,"₹2,999",(86% off)
Flosive,Women's Beautiful Mix Color Green Kanjivaram Silk Saree With Zari Weaving With Blouse,3.0 out of 5 stars,273,₹579,"₹4,500",(87% off)
Yashika,Women's Printed Trendy Georgette Green Color Saree With Blouse Material,3.6 out of 5 stars,103,₹259,"₹1,799",(86% off)
SIRIL,Women's Georgette Printed Ready to Wear One Minute Pre Pleated Saree With Unstitched Blouse Piece,3.6 out of 5 stars,114,₹769,"₹3,073",(75% off)
Pratham Blue,Women's Sequins Georgette Fancy Saree With Blouse Piece,3.8 out of 5 stars,"1,982",₹939,"₹3,999",(77% off)
Yashika,Women's Trendy Georgette Red Color Saree with Blouse Material,3.2 out of 5 stars,16,₹349,"₹1,799",(81% off)
SWORNOF,Women's kanjivaram banarasi silk saree for Patola festival Wedding silk with rich pallu Design sarees for women with blouse piece,4.4 out of 5 stars,49,₹949,"₹5,999",(84% off)
Generic,Shiuli Phool Khadi Saree||Cotton Saree||Free Size||5.5M,5.0 out of 5 stars,1,₹599,₹999,(40% off)
HAIDER ALI AND SONS,Pure Linen Ethnic Wear Saree For Women's (With Blouse)_,4.1 out of 5 stars,21,₹703,"₹2,250",(69% off)
Leriya Fashion,Cotton Party Wear for Women | Silk Banarasi Saree,4.4 out of 5 stars,88,₹406.33,"₹1,999",(80% off)
ZILVIRA,"Woven Kanjivaram Jacquard Art Silk Saree, Pink with Gold Zari Motifs",na,na,₹599,"₹3,999",(85% off)
BENGAL HANDLOOM,Cotton Plane molmol Saree With Blouse Piece,3.9 out of 5 stars,16,₹617,"₹1,799",(66% off)
Yashika,Women Art Silk Standard Length Saree,3.7 out of 5 stars,"7,739",₹259,"₹1,799",(86% off)
Generic,SHYAMALI BOUTIQUE Women's Beautiful Desinger Dual tone plain khadi Saree with Blouse Piece,4.0 out of 5 stars,39,₹499,"₹1,599",(69% off)
Generic,"Women's Cotton Linen Saree With Gold-Toned Zari Work, Tassels & Unstitched Blouse Piece",na,na,₹849,"₹2,499",(66% off)
SIRIL,Women's Georgette Hot Fixing Stone Work and Mirror Work Saree With Unstitched Blouse Piece,3.7 out of 5 stars,20,₹869,"₹3,381",(74% off)
Generic,"Lorofy Women's Net Saree With Blouse (Mehndi), Mehendi",3.0 out of 5 stars,2,₹359,"₹1,999",(82% off)
SIRIL,Women's Silk Printed Saree With Blouse,3.3 out of 5 stars,328,₹389,"₹1,424",(73% off)
Yashika,Georgette Womens Saree,4.0 out of 5 stars,133,₹379,"₹1,799",(79% off)
Generic,Women's Cream Off White Chanderi Cotton Embroidered Saree With Maroon Kalamkari Printed Blouse Piece Material (Monika 9),2.3 out of 5 stars,4,₹799,"₹1,499",(47% off)
MIRCHI FASHION,Women's Chiffon Floral Printed Saree with Blouse Piece,3.9 out of 5 stars,42,₹479,"₹2,799",(83% off)
Avantika Fashion,Women's Kanjivaram Soft Semi Silk Banarasi Sarees With Blouse Piece.,3.7 out of 5 stars,99,₹616,"₹2,499",(75% off)
Shiv Textiles,Shiv Textiles Women's Pure Georgette Saree With Blouse Piece,3.8 out of 5 stars,"1,659",₹548,"₹1,399",(61% off)
SIRIL,Women's Georgette Laheriya Printed Embroidery Lace Boarder Saree With Unstitched Blouse Piece,3.7 out of 5 stars,23,"₹1,249","₹5,765",(78% off)
LITTLE GINNIE,"LITTLE GINNIE Ready to Wear Nauvari Kanjeevaram Saree for Girls - Ethnic Wear for 2-3 Years Kids, Dark Green",na,na,₹799,"₹2,499",(68% off)
Rajnandini,Women's Kota Doria Cotton Silk Checks Print Traditional Saree with Blouse Piece (Blue),4.0 out of 5 stars,3,₹399,"₹1,996",(80% off)
Tant Story,Women's Traditional Bengal Trending Tant Handloom Pure Cotton Tangail Saree without Blouse Piece,na,na,"₹1,299","₹3,499",(63% off)
Garden Vareli,Womens Abstract Print Crepe Saree with Unstitched Blouse Piece,na,na,₹949,"₹1,799",(47% off)
SGF11,Women's Kanjivaram Pure Soft Silk Handloom Saree Pure Golden Zari With Blouse Piece,4.2 out of 5 stars,769,"₹1,499","₹8,999",(83% off)
Garden Vareli,Satin Crepe Saree With Unstitched Blouse Piece,4.2 out of 5 stars,3,"₹1,199","₹2,399",(50% off)
Munaafi,Women's Seamless Spandex Saree Shapewear for Women Petticoat/Peticote with Side Slit.,na,na,₹475,₹749,(37% off)
DHRUVI TRENDZ,Women Regular Fit Cotton Blend Saree,3.7 out of 5 stars,"6,894",₹349,"₹1,999",(83% off)
Generic,Women Ethnic Women's Georgette Floral Printed Saree with Unstitched Blouse Piece MD_1761_1,na,na,₹349,"₹1,999",(83% off)
MIRCHI FASHION,Women's Chiffon Floral Printed Saree with Blouse Piece,4.0 out of 5 stars,86,₹409,"₹2,699",(85% off)
TRENDMALLS,Women's Vichitra Silk Embroidery Saree with Blouse Piece (K1098-Yellow),3.7 out of 5 stars,5,"₹3,049","₹9,999",(70% off)
ALAGINI,Women's Linen Cotton Woven Embroidery Traditional Saree,4.3 out of 5 stars,36,₹887.40,"₹2,999",(70% off)
Generic,"Women's Embroidered Georgette Saree with Blouse Piece, 5.5m Saree Length, 0.8m Blouse Length",na,na,₹899,"₹1,999",(55% off)
Rajnandini,Women's Green Mysore Art Silk Saree Printed Traditional Saree with Blouse Piece,3.8 out of 5 stars,7,₹284,"₹1,665",(83% off)
ANAND,Womens Georgette Saree,4.1 out of 5 stars,25,₹550,₹275,(72% off)
MIRCHI FASHION,Women's Latest Chiffon Batik Printed Saree with Blouse Piece,4.0 out of 5 stars,82,₹459,₹343.56,(84% off)
MIRCHI FASHION,Women's Traditional Banarasi Silk Blend Floral and Paisley Veil Zari Woven Butta Saree with Blouse Piece,3.9 out of 5 stars,10,₹449,₹367.88,(82% off)
Enthone,EnthoneWomen's Pattu Art Silk Woven Saree With Unstiched Blouse Piece(SZ-AURA2-GN-758),4.1 out of 5 stars,115,₹465,"₹1,745",(73% off)
Binay textile,Handloom saree,3.3 out of 5 stars,43,₹530,₹999,(47% off)
Generic,"Women's Embroidered Cotton Silk Banarasi Saree with Blouse, Beige",2.9 out of 5 stars,14,₹599,"₹2,999",(80% off)
TRENDMALLS,Women's Vichitra Silk Embroidery work Saree with Blouse Piece (K1089-DarkGreen),4.8 out of 5 stars,6,"₹1,710","₹4,399",(61% off)
Generic,Women Ethnic Sarees Women's Satin Striped Printed Saree With Blouse Piece PL_WB_SAT6006_3,na,na,₹599,"₹1,999",(70% off)
Generic,Beautiful Peach Colored Silk Designer Saree (G_ES_8228-Peach),5.0 out of 5 stars,1,₹799,"₹2,499",(68% off)
Generic,Women Ethnic Saree women's Ombre Print Georgette Saree with Unstitched Blouse Piece PL_MD_PD6466_1,3.0 out of 5 stars,2,₹599,"₹1,999",(70% off)
Rekha Maniyar,Women's Linen Hand Gota Woven Saree With Unstitched Blouse Piece (JAYSHREE_VOL2_PARENT),5.0 out of 5 stars,1,"₹1,299","₹3,750",(65% off)
Fashily,Women’s Kerala Tissue Plain Saree with Running Blouse| Onam & Vishu Kani Special | Traditional Kasavu White Colour,4.4 out of 5 stars,17,₹999,"₹2,299",(57% off)
Shiv Textiles,Womens Polyester Saree For Women,1.0 out of 5 stars,1,₹299,₹499,(40% off)
Shiv Textiles,Womens Saree For Women,na,na,₹299,₹499,(40% off)
AKHILAM,Women's Cotton Silk Botanical Woven Design Saree With Unstitched Blouse Piece,3.9 out of 5 stars,"1,225","₹1,399","₹7,679",(82% off)
AKHILAM,Women's Cotton Botanical Printed Saree With Unstitched Blouse Piece,3.5 out of 5 stars,26,₹669,"₹2,299",(71% off)
SIRIL,Women's Dyed & Woven Jari Border Chiffon Saree with Unstitched Blouse Piece,3.3 out of 5 stars,181,₹429,"₹1,458",(71% off)
TRENDMALLS,Women's Net Embroidery Sequin work Saree with Blouse Piece,5.0 out of 5 stars,2,"₹3,384","₹10,499",(68% off)
MIRCHI FASHION,SOURBH Women's Silk Blend Saree With Unstiched Blouse Piece,3.9 out of 5 stars,270,₹479,"₹1,899",(75% off)
Generic,Ramdev Fashion Simple Banarasi Silk Soft Saree For Women With Blouse Piece,4.6 out of 5 stars,3,₹399,₹599,(33% off)
STB-SILK TEXTILES BHAGALPUR,"Women's Linen Slub Saree With Unstitched Contrast Blouse Piece, Pink",4.3 out of 5 stars,19,₹779,"₹1,850",(58% off)
TRENDMALLS,Women's Georgette Heavy Sequins Work Heavy Saree with Blouse (Latest-Sequins-Party-Saree),3.7 out of 5 stars,182,"₹3,150","₹3,15,000",(76% off)
Generic,Colorful Blooms Designer Printed Saree,na,na,₹750,₹999,(25% off)
Fashion Booms,"Women's Trendy Colour Banarasi Pure Soft Silk Saree With Beautiful Work for All Occasions Weddings, Party, Festive, Saree Women's",na,na,₹589,"₹1,599",(63% off)
Yashika,Women's Art Silk Saree,3.5 out of 5 stars,630,₹264,"₹1,799",(85% off)
Generic,Women's Fancy Multi Color designer Pure Georgette Saree for women With Unstitched embroidery Blouse Piece with fancy arco border,2.7 out of 5 stars,3,₹599,"₹1,090",(45% off)
SIRIL,Women's Lace & Peral Work Lycra Saree with Unstitched Blouse Piece,3.2 out of 5 stars,34,₹259,"₹1,281",(80% off)
Sidhidata,Women's Cotton Blend Saree With Unstitched Blouse Piece,3.5 out of 5 stars,52,₹299,"₹2,999",(90% off)
C J Enterprise,Women's Pure Soft Kanjivaram Silk Saree Banarasi Design Style With Blouse Piece for Wedding (Pari9016-51),4.2 out of 5 stars,631,₹549,"₹2,999",(82% off)
EthnicJunction,Women's Silk Blend Woven Paithani Saree With Blouse Piece,4.0 out of 5 stars,13,₹990,"₹3,996",(75% off)
Flosive,Women's Jacquard Silk Saree,4.2 out of 5 stars,33,₹899,"₹4,500",(80% off)
Yashika,Women's latest Art Silk and Tassels Saree with unstitched Blouse Material,4.8 out of 5 stars,15,₹399,"₹1,799",(78% off)
EthnicJunction,Women's Banarasi Silk Saree With Blouse Piece (EJ1178-7990_Maroon),3.8 out of 5 stars,867,₹699,"₹3,159",(78% off)
TAMAIRA FASHION,Women's Plain Weave Pure Cotton Saree Without Blouse Piece,4.0 out of 5 stars,78,₹659,"₹2,999",(78% off)
C J Enterprise,Women's Kanjivaram Silk Saree Soft Ready To Wear Pattu Sarees Party Sari With Blouse Piece for Wedding Readymade sadi Latest new ladies 2023 Design 2024 kalamkari (Lilen Cotton White),4.2 out of 5 stars,160,₹899,₹999,(10% off)
MIRCHI FASHION,Women's Silk Blend Floral Printed Saree with Blouse Piece,3.9 out of 5 stars,41,₹799,₹673.69,(73% off)
AKHILAM,Women's Georgette Solid Designer Saree With Unstitched Blouse Piece (GLMP1101_Parent),3.5 out of 5 stars,98,"₹1,199","₹4,629",(74% off)
AKHILAM,Women's Silk Blend Bandhani Print Kanjivaram Saree Saree With Unstitched Blouse Piece,3.8 out of 5 stars,64,"₹1,249","₹4,969",(75% off)
SIRIL,Women's Bandhani Printed Embroidery Lace Georgette Saree with Unstitched Blouse Piece,3.7 out of 5 stars,"2,135",₹789,"₹5,043",(84% off)
TAMAIRA FASHION,Women's Plain Cotton Saree,4.3 out of 5 stars,6,₹501.37,"₹2,999",(83% off)
AKHILAM,Women's Satin Solid Printed Saree With Unstitched Blouse,1.0 out of 5 stars,1,"₹1,399","₹5,699",(75% off)
MIRCHI FASHION,Women's Cotton Foil Work Ethnic Motifs Saree with Blouse Piece,5.0 out of 5 stars,2,₹579,₹454.94,(81% off)
Pandadi Saree,Women's Soft Crepe Silk Saree With Contrast Blouse Piece.,3.3 out of 5 stars,13,"₹1,399","₹5,999",(77% off)
Monjolika Fashion,Women's Woven Silk Saree With Blouse Piece (4504_Color),3.7 out of 5 stars,321,"₹1,399","₹5,999",(77% off)
Yashika,Women's Plain Khadi Saree,3.6 out of 5 stars,225,₹349,"₹1,799",(81% off)
AKHILAM,Women's Satin Solid Printed Saree With Unstitched Blouse,2.0 out of 5 stars,3,"₹1,399","₹5,599",(75% off)
Generic,Silk Banarasi Woven Design Saree With Unstitched Blouse,na,na,₹679,"₹2,269",(70% off)
PARVOTSAV,Women's Digital Geomatric Print Linen Saree With Blouse Piece (Grey Multicolor) | Printed Sarees For Women | Wedding/Festive Sarees,na,na,₹449,"₹1,499",(70% off)
Shiv Textiles,Womens Saree For Women,na,na,₹299,₹499,(40% off)
Shiv Textiles,Womens Saree For Women,na,na,₹299,₹499,(40% off)
Shiv Textiles,Womens Saree For Women,3.0 out of 5 stars,2,₹299,₹499,(40% off)
Shiv Textiles,Womens Saree For Women,na,na,₹299,₹499,(40% off)
Shiv Textiles,Womens Saree For Women,na,na,₹299,₹499,(40% off)
Shiv Textiles,Womens Saree For Women,na,na,₹299,₹499,(40% off)
MIRCHI FASHION,Women's Chiffon Batik Printed Saree with Blouse Piece,4.0 out of 5 stars,61,₹479,₹300.69,(83% off)
TAMAIRA FASHION,Women's Plain Cotton Saree,4.3 out of 5 stars,6,₹501.37,"₹2,999",(83% off)
EthnicJunction,Womens Woven Kanjivaram Silk Blend Saree With Blouse Piece,na,na,₹769,"₹6,996",(89% off)
MIRCHI FASHION,Women's Cotton Foil Work Ethnic Motifs Saree with Blouse Piece,5.0 out of 5 stars,2,₹579,₹454.94,(81% off)
Yashika,Women's Plain Khadi Saree,3.6 out of 5 stars,225,₹264,"₹1,247",(79% off)
Soch,Womens Floral Woven Design Art Silk Saree,5.0 out of 5 stars,2,"₹1,998",na,na
AKHILAM,Women's Chiffon Embellished Floral Bagru Saree With Unstitched Blouse Piece,3.6 out of 5 stars,255,"₹1,099","₹4,449",(75% off)
AKHILAM,Women's Solid Embellished Georgette Saree With Unstitched Blouse Piece,3.6 out of 5 stars,108,₹669,"₹3,129",(79% off)
Yashika,Women's Woven Latest Banarasi Kanjivaram Cotton Silk Saree with Unstitched Blouse Material-Suitable for Durga Puja and Festival (AZ-YS-P1-DURGA KERI_White),4.2 out of 5 stars,8,₹599,"₹1,799",(67% off)
Yashika,Women's Mysore Silk Art Saree,3.4 out of 5 stars,407,₹312.89,"₹1,377",(77% off)
EthnicJunction,Women's Pure Cotton Woven Saree With Blouse Piece,4.0 out of 5 stars,31,₹739,"₹3,596",(79% off)
Monjolika Fashion,Women's Woven Silk Saree With Blouse Piece (4504_Color),3.7 out of 5 stars,321,"₹1,399","₹5,999",(77% off)
Indya,Womens Polyester Saree,3.2 out of 5 stars,3,"₹1,116.16","₹3,400",(67% off)
Generic,Ramdev Fashion Simple Banarasi Silk Soft Saree For Women With Blouse Piece,4.6 out of 5 stars,3,₹399,₹599,(33% off)
Satrani,Women's Shimmer Chiffon Sequins Embroidery Saree with Unstitched Blouse Piece,5.0 out of 5 stars,2,"₹1,599","₹5,709",(72% off)
Generic,SHYAMALI BOUTIQUE Women's Beautiful Desinger Dual tone plain khadi Saree with Blouse Piece,4.0 out of 5 stars,39,₹499,"₹1,599",(69% off)
Shiv Textiles,Womens Saree For Women,na,na,₹299,₹499,(40% off)
PARVOTSAV,Women's Digital Geomatric Print Linen Saree With Blouse Piece (Grey Multicolor) | Printed Sarees For Women | Wedding/Festive Sarees,na,na,₹449,"₹1,499",(70% off)
OM SAI LATEST CREATION,Soft Cotton & Silk Saree for Women Banarasi Saree Under 399 2021 Beautiful for Women Saree,4.1 out of 5 stars,319,₹349,"₹1,999",(83% off)
Shiv Textiles,Womens Saree For Women,na,na,₹299,₹499,(40% off)
AKHILAM,Women's Silk Blend Bandhani Print Kanjivaram Saree Saree With Unstitched Blouse Piece,3.8 out of 5 stars,64,"₹1,249","₹4,969",(75% off)
EthnicJunction,Women's Silk Blend floral Woven Saree With Blouse Piece,3.6 out of 5 stars,23,₹689,"₹3,196",(78% off)
Glory Sarees,Women's Kashmiri Pashmina Silk Woven Saree With Blouse Piece (Heritage_Silk110_Parent),3.2 out of 5 stars,27,"₹1,889","₹7,999",(76% off)
AKHILAM,Women's Satin Solid Printed Saree With Unstitched Blouse,2.0 out of 5 stars,3,"₹1,399","₹5,599",(75% off)
Rekha Maniyar,Women's Jacquard Linen Saree With Unstitched Blouse Piece (SILVERLINEN_NS),3.9 out of 5 stars,199,₹799,"₹2,999",(73% off)
MIRCHI FASHION,Women's Chiffon Floral Printed Saree with Blouse Piece,4.0 out of 5 stars,71,₹439,₹281.77,(84% off)
EthnicJunction,Women's Banarasi Silk Saree With Blouse Piece (EJ1178-7990_Maroon),3.8 out of 5 stars,867,₹699,"₹3,159",(78% off)
Generic,Beautiful Peach Colored Silk Designer Saree (G_ES_8228-Peach),5.0 out of 5 stars,1,₹799,"₹2,499",(68% off)
AKHILAM,Women's Chiffon Embellished Saree With Unstitched Blouse Piece (MAHEK554A_MK_Parent),3.5 out of 5 stars,16,"₹1,999","₹9,729",(79% off)
Jaanvi fashion,Women's Ethnic Floral Crepe Silk Saree With Blouse,3.8 out of 5 stars,79,₹511,"₹2,000",(74% off)
Generic,"Women's Embroidered Cotton Silk Banarasi Saree with Blouse, Beige",2.9 out of 5 stars,14,₹599,"₹2,999",(80% off)
EthnicJunction,Women's Silk Blend Woven Paithani saree With Blouse Piece,4.3 out of 5 stars,39,₹469,"₹2,276",(79% off)
Generic,Women's Fancy Multi Color designer Pure Georgette Saree for women With Unstitched embroidery Blouse Piece with fancy arco border,2.7 out of 5 stars,3,₹599,"₹1,090",(45% off)
Generic,Women Ethnic Saree women's Striped Print Georgette Saree with Unstitched Blouse Piece PL_MD_PD8888_2,na,na,₹599,"₹1,999",(70% off)
Generic,SRL Women's Art Silk Varli Printed Saree With Blouse (811S108_BZ_Red::Cream),3.5 out of 5 stars,2,₹459,"₹1,419",(68% off)
EthnicJunction,Women's Silk Blend Woven Paithani Saree With Blouse Piece,4.0 out of 5 stars,13,₹990,"₹3,996",(75% off)
Generic,Colorful Blooms Designer Printed Saree,na,na,₹750,₹999,(25% off)
Generic,Women Ethnic Sarees Women's Satin Striped Printed Saree With Blouse Piece PL_WB_SAT6006_3,na,na,₹599,"₹1,999",(70% off)
BENGAL HANDLOOM,Exclusive Women's Dhakai Allover Soft Pakhi Jamdani Sarees,3.8 out of 5 stars,48,₹839,"₹4,649",(82% off)
Generic,Women Ethnic Saree women's Ombre Print Georgette Saree with Unstitched Blouse Piece PL_MD_PD6466_1,3.0 out of 5 stars,2,₹599,"₹1,999",(70% off)
Pandadi Saree,Women's Soft Crepe Silk Saree With Contrast Blouse Piece.,3.3 out of 5 stars,13,"₹1,399","₹5,999",(77% off)
ZILVIRA,"Woven Kanjivaram Jacquard Art Silk Saree, Pink with Gold Zari Motifs",na,na,₹599,"₹3,999",(85% off)
MIRCHI FASHION,Women's Traditional Banarasi Silk Blend Floral Zari Woven Butta Saree with Blouse Piece,4.0 out of 5 stars,34,₹439,"₹2,499",(82% off)
Flosive,Women's Present Banarasi Soft Lichi Silk Saree Beautiful Jacquard Rich Pallu Design Work Zari Woven Kanjivaram Silk Style Saree With Soft Lichi Silk Blouse Piece Ayn Ritch,3.8 out of 5 stars,161,₹729,"₹4,500",(84% off)
Generic,Women's Floral Printed Georgette Saree with Unstitched Blouse Piece,4.1 out of 5 stars,4,₹220,"₹1,999",(89% off)
Generic,Women's Pure Kanjivaram Silk Saree Banarasi Silk Saree With Blouse Piece,4.0 out of 5 stars,6,₹496,"₹2,199",(77% off)
BENGAL HANDLOOM,"Women'S Cotton Silk Dhakai Softs Flower Tree Jamdani Sarees.,",4.4 out of 5 stars,3,₹732,"₹4,649",(84% off)
SIRIL,Women's Silk Blend Embroidery Scalloped Border Saree With Unstitched Blouse Piece for Wedding and Parties,na,na,"₹1,499","₹5,699",(74% off)
Generic,Shiuli Phool Khadi Saree||Cotton Saree||Free Size,3.4 out of 5 stars,4,₹599,₹999,(40% off)
Generic,Beautiful Sea Blue Colored Silk Designer Saree (G_ES_8228-Sea Blue),5.0 out of 5 stars,1,₹799,"₹2,499",(68% off)
Satrani,Women's Cotton Blend Banarasi Jacquard Saree with Unstitched Blouse Piece,5.0 out of 5 stars,2,₹929,"₹3,429",(73% off)
SWORNOF,Women's & Girl's Kota Doria Cotton Saree With Blouse Piece,3.7 out of 5 stars,902,₹499,"₹2,000",(75% off)
Generic,PRITIsree Women's sambalpuri saree of Odisha | sambalpuri cotton saree of odisha | Odisha Handloom Art Cotton saree for Women 5SE9BC-73,4.0 out of 5 stars,1,"₹3,599",₹972.70,(60% off)
Munaafi,Women's Seamless Spandex Saree Shapewear for Women Petticoat/Peticote with Side Slit.,na,na,₹475,₹749,(37% off)
SANDIAM SALES,"Dori Saree Shapewear,Petticoat,Skirts for Women, Cotton Blended Shape Wear for Saree (SH_Dori_All)",3.6 out of 5 stars,19,₹299,₹999,(70% off)
914 Creation,AURA SILK SARI,na,na,₹699,₹999,(30% off)
Shiv Textiles,Womens Saree For Women,na,na,₹299,₹499,(40% off)
Shiv Textiles,Womens Saree For Women,na,na,₹299,₹499,(40% off)
Shiv Textiles,Womens Saree For Women,3.0 out of 5 stars,2,₹299,₹499,(40% off)
Shiv Textiles,Womens Saree For Women,na,na,₹299,₹499,(40% off)
Yashika,Women Venkatagiri Printed Art Silk With Blouse Piece Saree (Sdpl-Metro Navy Rama_Free Size),3.3 out of 5 stars,35,₹264,"₹1,999",(87% off)
Lyra,Women Petticoat,4.2 out of 5 stars,463,₹315,₹489,(36% off)
Aarika,Girls Cotton Blend Saree,4.1 out of 5 stars,11,₹607,"₹2,249",(73% off)
MIRCHI FASHION,Women's Chiffon Block Printed Saree with Blouse Piece,4.1 out of 5 stars,60,₹439,₹395.50,(84% off)
MIRCHI FASHION,Women's Silk Blend Floral Printed Saree with Blouse Piece,3.9 out of 5 stars,41,₹579,₹489.85,(81% off)
Yashika,Plain Women's Trendy Cotton Silk Color Saree with Blouse Material(SUHALI Peach),3.6 out of 5 stars,250,₹429,"₹1,799",(76% off)
Yashika,Women's Trendy Georgette Red Color Saree with Blouse Material,3.2 out of 5 stars,16,₹349,"₹1,799",(81% off)
SIRIL,Women's Georgette Bandhani Printed Saree with Blouse,3.6 out of 5 stars,579,₹329,"₹1,310",(75% off)
SGF11,Women's Kanjivaram Pure Soft Silk Saree With Unstitched Blouse Piece,3.9 out of 5 stars,14,"₹1,899","₹5,999",(68% off)
SIRIL,Women's Jari Border & Mukaish Work Chiffon Saree with Unstitched Blouse Piece,3.5 out of 5 stars,174,₹459,"₹1,424",(68% off)
SIRIL,Women's Georgette Printed Ready to Wear One Minute Pre Pleated Saree With Unstitched Blouse Piece,3.6 out of 5 stars,114,₹769,"₹3,073",(75% off)
SIRIL,Women's Kanjivaram Silk Saree Soft Banarasi Sari With Blouse Piece,3.5 out of 5 stars,16,₹749,"₹3,073",(76% off)
MIRCHI FASHION,Women's Cotton Blend Mix 2-Tone Foil Printed Saree with Blouse Piece,3.7 out of 5 stars,"1,364",₹499,"₹1,999",(75% off)
SIRIL,Women's Banarasi Silk Saree | Kanjivaram Jacquard Saree With Unstitched Blouse Piece,3.1 out of 5 stars,8,₹499,"₹2,688",(81% off)
MIRCHI FASHION,SOURBH Women's Silk Blend Saree With Unstiched Blouse Piece,3.9 out of 5 stars,270,₹479,"₹1,899",(75% off)
MIRCHI FASHION,Women's Latest Chiffon Batik Printed Saree with Blouse Piece,4.0 out of 5 stars,82,₹459,₹343.56,(84% off)
PARVOTSAV,Women's Digital Geomatric Print Linen Saree With Blouse Piece (Grey Multicolor) | Printed Sarees For Women | Wedding/Festive Sarees,na,na,₹449,"₹1,499",(70% off)
OM SAI LATEST CREATION,Soft Cotton & Silk Saree for Women Banarasi Saree Under 399 2021 Beautiful for Women Saree,4.1 out of 5 stars,319,₹349,"₹1,999",(83% off)
FABVIO PLUS,"Lycra Saree Shapewear Petticoat for Women, Women's Blended Saree Shapewear for Women",3.4 out of 5 stars,14,₹349,"₹1,499",(77% off)
Clovia,Women's Petticoat Style Saree Shapewear with Drawstring/Naada (SW0048P13_Dark Black_S),na,na,₹819,"₹1,999",(59% off)
SIRIL,Women's Silk Jacquard Saree With Unstitched Blouse Piece,3.8 out of 5 stars,47,₹499,"₹2,304",(78% off)
Yashika,Women's Fancy Banarasi Kanjivaram Art Silk Saree with Blouse Pieces||Blue Coloured Kanjivaram Saree|| AZ-YS-OG-VINALI BLUE,3.9 out of 5 stars,19,₹629,"₹1,799",(65% off)
Clovia,Women's Petticoat Style Saree Shapewear with Side Slit in Violet,3.5 out of 5 stars,483,₹780,"₹1,999",(61% off)
